name,artist,album,popularity,market,type,owner,tracks,followers
A Bar Song (Tipsy),Shaboozey,A Bar Song (Tipsy),93.0,US,track,,,
Espresso,Sabrina Carpenter,Espresso,99.0,US,track,,,
Please Please Please,Sabrina Carpenter,Please Please Please,98.0,US,track,,,
"Good Luck, Babe!",Chappell Roan,"Good Luck, Babe!",95.0,US,track,,,
BIRDS OF A FEATHER,Billie Eilish,HIT ME HARD AND SOFT,99.0,US,track,,,
LUNCH,Billie Eilish,HIT ME HARD AND SOFT,94.0,US,track,,,
HOT TO GO!,Chappell Roan,The Rise and Fall of a Midwest Princess,89.0,US,track,,,
I Had Some Help (Feat. Morgan Wallen),Post Malone,I Had Some Help,95.0,US,track,,,
CHIHIRO,Billie Eilish,HIT ME HARD AND SOFT,93.0,US,track,,,
Red Wine Supernova,Chappell Roan,The Rise and Fall of a Midwest Princess,88.0,US,track,,,
Power Pop,,,,US,playlist,Spotify,70.0,
Music mix (all eras and genres),,,,US,playlist,thedecimator980,3450.0,
CLEAN Doctors Office/Reception/Lobby Music for hot people ‚ú®,,,,US,playlist,Julia Taylor ü´∂üèº,441.0,
Pop Remix,,,,US,playlist,Spotify,75.0,
Best of 70s 80s 90s Greatest Hits,,,,US,playlist,TicklyTim,673.0,
Tapped In,,,,US,playlist,Spotify,29.0,
BEST GUITAR SOLOS OF ALL TIME,,,,US,playlist,t.riccardo,949.0,
Workout Jams,,,,US,playlist,mandrews33,37.0,
mike‚Äôs fav hits ,,,,US,playlist,carpe diem,29.0,
90s and 2000s Nostalgia,,,,US,playlist,Adam Delphia,537.0,
Sabrina Carpenter,,,91.0,US,artist,,,10413060.0
Taylor Swift,,,100.0,US,artist,,,115852841.0
Lana Del Rey,,,90.0,US,artist,,,37110903.0
Billie Eilish,,,94.0,US,artist,,,96235242.0
Chappell Roan,,,87.0,US,artist,,,1923839.0
Post Malone,,,90.0,US,artist,,,44529005.0
Drake,,,94.0,US,artist,,,89541501.0
Ariana Grande,,,91.0,US,artist,,,97694471.0
SZA,,,89.0,US,artist,,,21460927.0
The Weeknd,,,93.0,US,artist,,,86410708.0
Stargazing,Myles Smith,Stargazing,93.0,GB,track,,,
A Bar Song (Tipsy),Shaboozey,A Bar Song (Tipsy),93.0,GB,track,,,
Belong Together,Mark Ambor,Belong Together,91.0,GB,track,,,
Espresso,Sabrina Carpenter,Espresso,99.0,GB,track,,,
BIRDS OF A FEATHER,Billie Eilish,HIT ME HARD AND SOFT,99.0,GB,track,,,
Please Please Please,Sabrina Carpenter,Please Please Please,98.0,GB,track,,,
"Good Luck, Babe!",Chappell Roan,"Good Luck, Babe!",95.0,GB,track,,,
Too Sweet,Hozier,Unreal Unearth: Unheard,89.0,GB,track,,,
LUNCH,Billie Eilish,HIT ME HARD AND SOFT,94.0,GB,track,,,
I Had Some Help (Feat. Morgan Wallen),Post Malone,I Had Some Help,95.0,GB,track,,,
Power Pop,,,,GB,playlist,Spotify,70.0,
Pop Remix,,,,GB,playlist,Spotify,75.0,
Best of 60s 70s 80s Greatest Hits,,,,GB,playlist,TicklyTim,560.0,
Best of 70s 80s 90s Greatest Hits,,,,GB,playlist,TicklyTim,673.0,
BEST GUITAR SOLOS OF ALL TIME,,,,GB,playlist,t.riccardo,949.0,
mike‚Äôs fav hits ,,,,GB,playlist,carpe diem,29.0,
Workout Jams,,,,GB,playlist,mandrews33,37.0,
New Romantics New Wave 80's,,,,GB,playlist,Cam,89.0,
Epic Orchestral Remixes üéª,,,,GB,playlist,Musical Solutions,50.0,
Forza Horizon 4 ‚Äì Pulse,,,,GB,playlist,jnkchris,32.0,
Sabrina Carpenter,,,91.0,GB,artist,,,10413060.0
Coldplay,,,89.0,GB,artist,,,51543559.0
Billie Eilish,,,94.0,GB,artist,,,96235242.0
Taylor Swift,,,100.0,GB,artist,,,115852841.0
Rihanna,,,90.0,GB,artist,,,61089238.0
David Guetta,,,89.0,GB,artist,,,25755926.0
Lana Del Rey,,,90.0,GB,artist,,,37110903.0
Post Malone,,,90.0,GB,artist,,,44529005.0
Drake,,,94.0,GB,artist,,,89541501.0
The Weeknd,,,93.0,GB,artist,,,86410708.0
Beautiful Things,Benson Boone,Beautiful Things,91.0,CA,track,,,
Stargazing,Myles Smith,Stargazing,93.0,CA,track,,,
A Bar Song (Tipsy),Shaboozey,A Bar Song (Tipsy),93.0,CA,track,,,
Miles On It,Marshmello,Miles On It,85.0,CA,track,,,
Please Please Please,Sabrina Carpenter,Please Please Please,98.0,CA,track,,,
Espresso,Sabrina Carpenter,Espresso,99.0,CA,track,,,
BIRDS OF A FEATHER,Billie Eilish,HIT ME HARD AND SOFT,99.0,CA,track,,,
"Good Luck, Babe!",Chappell Roan,"Good Luck, Babe!",95.0,CA,track,,,
LUNCH,Billie Eilish,HIT ME HARD AND SOFT,94.0,CA,track,,,
I Had Some Help (Feat. Morgan Wallen),Post Malone,I Had Some Help,95.0,CA,track,,,
MIXED GENRES: ROCK-POP-COUNTRY,,,,CA,playlist,Carmen Rice,1062.0,
Music mix (all eras and genres),,,,CA,playlist,thedecimator980,3450.0,
Dance Mix ‚Äò95,,,,CA,playlist,ren17pen,17.0,
Best of 60s 70s 80s Greatest Hits,,,,CA,playlist,TicklyTim,560.0,
Best of 70s 80s 90s Greatest Hits,,,,CA,playlist,TicklyTim,673.0,
Pop Remix,,,,CA,playlist,Spotify,75.0,
BEST GUITAR SOLOS OF ALL TIME,,,,CA,playlist,t.riccardo,949.0,
Musique Qu√©b√©coise Populaire (10 Heures Et Plus),,,,CA,playlist,Philippe H√©tu,260.0,
mike‚Äôs fav hits ,,,,CA,playlist,carpe diem,29.0,
Massage Instrumental Covers,,,,CA,playlist,Melissa Nansen,107.0,
Taylor Swift,,,100.0,CA,artist,,,115852841.0
Sabrina Carpenter,,,91.0,CA,artist,,,10413060.0
Billie Eilish,,,94.0,CA,artist,,,96235242.0
Rihanna,,,90.0,CA,artist,,,61089238.0
Post Malone,,,90.0,CA,artist,,,44529005.0
David Guetta,,,89.0,CA,artist,,,25755926.0
Drake,,,94.0,CA,artist,,,89541501.0
Ariana Grande,,,91.0,CA,artist,,,97694471.0
SZA,,,89.0,CA,artist,,,21460927.0
The Weeknd,,,93.0,CA,artist,,,86410708.0
Wunder,AYLIVA,Wunder,80.0,DE,track,,,
Mama hat gesagt,SDP,Mama hat gesagt,73.0,DE,track,,,
I Don't Wanna Wait,David Guetta,I Don't Wanna Wait,90.0,DE,track,,,
Belong Together,Mark Ambor,Belong Together,91.0,DE,track,,,
Espresso,Sabrina Carpenter,Espresso,99.0,DE,track,,,
A Bar Song (Tipsy),Shaboozey,A Bar Song (Tipsy),93.0,DE,track,,,
Thank You (Not So Bad),Dimitri Vegas & Like Mike,Thank You (Not So Bad),86.0,DE,track,,,
Stargazing,Myles Smith,Stargazing,93.0,DE,track,,,
BIRDS OF A FEATHER,Billie Eilish,HIT ME HARD AND SOFT,99.0,DE,track,,,
Beifahrer,AYLIVA,Beifahrer,74.0,DE,track,,,
Pop Remix,,,,DE,playlist,Spotify,75.0,
Disco Party üéâ ‚Ä¢ Club/House/Charts/EDM/Party/Schlager/90s/00s/Remixes/Deep/2024/Mix/Feiern,,,,DE,playlist,its__daniel,975.0,
Pop & Dance Tracks - Latest Hits,,,,DE,playlist,PlayThIsMusic,51.0,
BEST GUITAR SOLOS OF ALL TIME,,,,DE,playlist,t.riccardo,949.0,
TOP EDM 2024,,,,DE,playlist,Romo,73.0,
Miracle Of Sound: Official Playlist ,,,,DE,playlist,Miracle Of Sound,156.0,
EDM | House | Dance Pop | Electro and more,,,,DE,playlist,EDM TOP MUSIC,50.0,
KuschelRock 2,,,,DE,playlist,√únal Giray,33.0,
Epic Orchestral Remixes üéª,,,,DE,playlist,Musical Solutions,50.0,
Forza Horizon 4 ‚Äì Pulse,,,,DE,playlist,jnkchris,32.0,
Taylor Swift,,,100.0,DE,artist,,,115852841.0
Billie Eilish,,,94.0,DE,artist,,,96235242.0
Rihanna,,,90.0,DE,artist,,,61089238.0
Lana Del Rey,,,90.0,DE,artist,,,37110903.0
David Guetta,,,89.0,DE,artist,,,25755926.0
AYLIVA,,,72.0,DE,artist,,,1545806.0
Sido,,,71.0,DE,artist,,,2363529.0
Post Malone,,,90.0,DE,artist,,,44529005.0
Drake,,,94.0,DE,artist,,,89541501.0
The Weeknd,,,93.0,DE,artist,,,86410708.0
Beautiful Things,Benson Boone,Beautiful Things,91.0,FR,track,,,
SPIDER,GIMS,SPIDER,83.0,FR,track,,,
I Don't Wanna Wait,David Guetta,I Don't Wanna Wait,90.0,FR,track,,,
Belong Together,Mark Ambor,Belong Together,91.0,FR,track,,,
Boucan (feat. Franglish),KeBlack,Boucan (feat. Franglish),77.0,FR,track,,,
M√©lanine,Heuss L'enfoir√©,M√©lanine,75.0,FR,track,,,
Espresso,Sabrina Carpenter,Espresso,99.0,FR,track,,,
Position,Franglish,Prime,76.0,FR,track,,,
MAMI WATA,Gazo,LA MELO EST GANGX,75.0,FR,track,,,
Aucune attache,KeBlack,Aucune attache,76.0,FR,track,,,
playliste pour tout le monde,,,,FR,playlist,Jules.tiennot,189.0,
Pop Remix,,,,FR,playlist,Spotify,75.0,
BEST GUITAR SOLOS OF ALL TIME,,,,FR,playlist,t.riccardo,949.0,
Best of Bossa Nova,,,,FR,playlist,Putumayo Playlists,25.0,
Miracle Of Sound: Official Playlist ,,,,FR,playlist,Miracle Of Sound,156.0,
Delicieuse Musique l Official Playlist,,,,FR,playlist,Delicieuse Musique,133.0,
Workout Jams,,,,FR,playlist,mandrews33,37.0,
2024 üá®üá© Congolaise Rumba üá®üá©,,,,FR,playlist,Pierre Omana,133.0,
Epic Orchestral Remixes üéª,,,,FR,playlist,Musical Solutions,50.0,
Forza Horizon 4 ‚Äì Pulse,,,,FR,playlist,jnkchris,32.0,
Taylor Swift,,,100.0,FR,artist,,,115852841.0
Billie Eilish,,,94.0,FR,artist,,,96235242.0
Jul,,,81.0,FR,artist,,,9831040.0
Gazo,,,75.0,FR,artist,,,2846493.0
PLK,,,75.0,FR,artist,,,1945567.0
Tiakola,,,73.0,FR,artist,,,2074783.0
Ninho,,,77.0,FR,artist,,,9862825.0
SCH,,,73.0,FR,artist,,,2217977.0
SDM,,,73.0,FR,artist,,,1057494.0
Werenoi,,,75.0,FR,artist,,,1128202.0
